model,parameter,coefficient,se,ci_lower,ci_upper,p,aic,bic,icc
M0_null,Grand Mean,-0.0587,0.1965,-0.4438,0.3264,0.7651,231.719,239.5939,0.6983
M1_scale,log_params,0.5684,0.3015,-0.0224,1.1593,0.0593,230.8713,241.3712,0.6694
M2_training,Training: RLHF,0.5701,0.4403,-0.2929,1.433,0.1954,215.9346,229.0594,0.4629
M2_training,Training: pretraining_alignment,-1.9033,0.3779,-2.6439,-1.1626,0.0,215.9346,229.0594,0.4629
M3_encoder,Encoder: EVA-family,-1.0048,0.3802,-1.75,-0.2595,0.0082,144.9385,156.5259,0.6134
M3_encoder,Encoder: ViT-large,-0.289,0.4468,-1.1647,0.5867,0.5177,144.9385,156.5259,0.6134
M4_full,Training: RLHF,-2.0109,1.1343,-4.234,0.2123,0.0763,212.0956,227.8454,0.3822
M4_full,Training: pretraining_alignment,-1.8301,0.3365,-2.4897,-1.1704,0.0,212.0956,227.8454,0.3822
M4_full,log_params,1.3132,0.5422,0.2504,2.376,0.0154,212.0956,227.8454,0.3822
